# Per-layer, per-key RGB Matrix colors for the mak3r keymap.
#
# Format: layer,row,col,h,s,v
#   - layer/row/col match the same 10x6 matrix coordinates used in keymap.json/vial.json.
#   - row/col may be "*" to mean "every key on this layer" (a layer-wide fill). Rows are
#     applied top-to-bottom, so a wildcard fill followed by specific row,col entries lets you
#     paint broad first and override individual keys after.
#   - Any (layer,row,col) not covered by any row here defaults to off (0,0,0). Module-row
#     positions (row 4/9) and the unused matrix padding (row 3/8 cols 0-2) have no LEDs at all
#     (see halcyon_overrides.c's g_led_config) and are ignored even if listed.
#   - h,s,v are 0-255 (QMK's HSV range), scaled at runtime by the live RGB Matrix brightness
#     (RM_VALU/RM_VALD), same as stock RGB Matrix effects.
#
# Regenerate ledmap.c after editing this file: `python3 generate_ledmap.py`
#
# Designed interactively in the Corne Palette Editor artifact tool (per-key color picker
# matching the physical layout) and pulled in from there. Layers 0-3 have real designed
# colors; layers 4-7 (mostly-unused return/placeholder layers) are dim, distinct shades
# of white rather than a designed per-key scheme.
layer,row,col,h,s,v

# --- Layer 0: Base/QWERTY -- outer column blue, F/J homing keys lighter purple, rest green, thumb purple. ---
0,0,0,152,255,255
0,0,1,74,255,255
0,0,2,74,255,255
0,0,3,74,255,255
0,0,4,74,255,255
0,0,5,74,255,255
0,1,0,152,255,255
0,1,1,74,255,255
0,1,2,74,255,255
0,1,3,74,255,255
0,1,4,188,128,255
0,1,5,74,255,255
0,2,0,152,255,255
0,2,1,74,255,255
0,2,2,74,255,255
0,2,3,74,255,255
0,2,4,74,255,255
0,2,5,74,255,255
0,3,3,188,255,255
0,3,4,188,255,255
0,3,5,188,255,255
0,5,0,152,255,255
0,5,1,74,255,255
0,5,2,74,255,255
0,5,3,74,255,255
0,5,4,74,255,255
0,5,5,74,255,255
0,6,0,152,255,255
0,6,1,74,255,255
0,6,2,74,255,255
0,6,3,74,255,255
0,6,4,188,128,255
0,6,5,74,255,255
0,7,0,152,255,255
0,7,1,74,255,255
0,7,2,74,255,255
0,7,3,74,255,255
0,7,4,74,255,255
0,7,5,74,255,255
0,8,3,188,255,255
0,8,4,188,255,255
0,8,5,188,255,255

# --- Layer 1: Symbols/Numpad -- outer column blue on active rows, rest blue/green mix, thumb purple. ---
1,0,0,152,255,255
1,0,1,74,255,255
1,0,2,74,255,255
1,0,3,74,255,255
1,0,4,74,255,255
1,0,5,74,255,255
1,1,0,152,255,255
1,1,1,152,255,255
1,1,2,152,255,255
1,1,3,152,255,255
1,1,4,152,255,255
1,1,5,152,255,255
1,2,0,152,255,255
1,2,1,152,255,255
1,2,2,152,255,255
1,2,3,152,255,255
1,2,4,152,255,255
1,2,5,152,255,255
1,3,3,188,255,255
1,3,4,188,255,255
1,3,5,188,255,255
1,5,0,152,255,255
1,5,1,74,255,255
1,5,2,74,255,255
1,5,3,74,255,255
1,5,4,74,255,255
1,5,5,74,255,255
1,6,0,152,255,255
1,6,1,152,255,255
1,6,2,152,255,255
1,6,3,152,255,255
1,6,4,152,255,255
1,6,5,152,255,255
1,7,2,152,255,255
1,7,3,152,255,255
1,7,4,152,255,255
1,7,5,152,255,255
1,8,3,188,255,255
1,8,4,128,255,255
1,8,5,188,255,255

# --- Layer 2: Nav -- blue fill, arrow-key row and thumb keys picked out. ---
2,*,*,152,255,255
2,3,3,188,255,255
2,3,4,128,255,255
2,3,5,188,255,255
2,6,1,74,255,255
2,6,2,74,255,255
2,6,3,74,255,255
2,6,4,74,255,255
2,8,3,188,255,255
2,8,4,188,255,255
2,8,5,188,255,255

# --- Layer 3: Function -- blue fill, QK_BOOT in red, F-key row accents in orange, thumb purple. ---
3,*,*,152,255,255
3,0,0,128,255,255
3,1,4,74,255,255
3,3,3,188,255,255
3,3,4,188,255,255
3,3,5,188,255,255
3,5,0,0,255,255
3,6,0,21,255,255
3,6,1,21,255,255
3,6,2,74,255,255
3,8,3,188,255,255
3,8,4,188,255,255
3,8,5,188,255,255

# --- Layer 4: Return -- dim white. ---
4,*,*,0,0,216

# --- Layer 5: Return2 -- dim white. ---
5,*,*,0,0,234

# --- Layer 6: Unused -- dim white. ---
6,*,*,0,0,231

# --- Layer 7: Unused -- dim white. ---
7,*,*,0,0,238
